{"RuleTriggered": 0, "Violations": 0, "Details": {"ratio": {"cpu_functions": 100.0}, "phase": {"Step:ModeKeys.TRAIN": 82.30148786098665, "others": 8.657820258314782, "Step:ModeKeys.EVAL": 9.040691880698565}, "phase_time": {}, "general": {"DataLoaderIterInitialize": 0.0002459826288030868, "Forward": 99.8997210180719, "DataLoaderIter": 0.10003299929930384}, "CPU": {"aten::conv2d": 18.821721247698253, "aten::convolution": 18.821182998502053, "aten::_convolution": 18.820696011134068, "aten::mkldnn_convolution": 18.81954628155852, "aten::batch_norm": 4.765394750862022, "aten::_batch_norm_impl_index": 4.7646770852670945, "aten::native_batch_norm": 4.763765357036802, "aten::max_pool2d": 2.2111167132966227, "aten::max_pool2d_with_indices": 2.1713631655204155, "enumerate(DataLoader)#_SingleProcessDataLoaderIter.__next__": 6.040536389124144}, "CPU_total": {"aten::conv2d": 5140357, "aten::convolution": 5140210, "aten::_convolution": 5140077, "aten::mkldnn_convolution": 5139763, "aten::batch_norm": 1301466, "aten::_batch_norm_impl_index": 1301270, "aten::native_batch_norm": 1301021, "aten::max_pool2d": 603873, "aten::max_pool2d_with_indices": 593016, "enumerate(DataLoader)#_SingleProcessDataLoaderIter.__next__": 1649717}}, "Datapoints": 0, "RuleParameters": ""}